state,action,q_value
1|2|1|5,1,13.949999999999998
1|2|1|5,2,11.449951373394807
1|2|1|5,4,2.5049945377662532
1|2|1|5,7,2.5049982420750267
1|2|1|5,5,2.5049562389539117
1|2|1|5,6,2.5049977288530316
1|2|1|5,3,2.5049696383528195
3|1|0|4,2,-1.0500000000000034
3|1|0|4,7,-1.050000000000003
3|1|0|4,1,9.999999999999998
3|1|0|4,3,-1.0500000000000027
3|1|0|4,4,-1.0500000000000078
3|1|0|4,6,-1.0500000000000027
3|1|0|4,5,-1.0500000000000027
3|1|0|3,6,-1.0500000000000027
3|1|0|3,5,-1.0500000000000027
3|1|0|3,3,-1.0500000000000027
3|1|0|3,1,9.999999999999998
3|1|0|3,4,-1.0500000000000027
3|1|0|3,2,-1.0500000000000027
3|1|0|3,7,-1.0500000000000027
3|1|0|2,6,-1.0500011622321577
3|1|0|2,2,-1.05001838132375
3|1|0|2,1,9.999999999999998
3|1|0|2,3,-1.0500021330923839
3|1|0|2,7,-1.0500007519698142
3|1|0|2,5,-1.0500058767900613
3|1|0|2,4,-1.050000213553523
3|1|0|1,1,9.999999999999998
3|1|0|1,4,-14.999763336926948
3|1|0|1,2,-14.99966190989564
3|1|0|1,5,-14.999918824565944
3|1|0|1,6,-14.99997215682612
3|1|0|1,7,-14.999960224037313
3|1|0|1,3,-14.994135268427126
2|2|0|4,2,-4.3155
2|2|0|4,1,9.99999999998818
2|2|0|4,6,-2.0320564153972005
2|2|0|4,4,-2.3122890000000003
2|2|0|4,7,-4.8729555
2|2|0|4,5,-2.704520533944359
2|2|0|4,3,-1.6407930758867364
2|2|0|3,5,-4.261950000000001
2|2|0|3,1,9.988601104814627
2|2|0|3,7,-5.624734500000001
2|2|0|3,4,-5.2225847100000005
2|2|0|3,3,-4.1571
2|2|0|3,2,-3.4681500000000005
2|2|0|3,6,-4.261950000000001
2|2|0|2,2,-6.076350000000001
2|2|0|2,3,-4.23
2|2|0|2,7,-4.599
2|2|0|2,1,8.3193
2|2|0|2,5,-5.0381100000000005
2|2|0|2,6,-3.8650500000000005
2|2|0|2,4,-3.5872200000000003
2|2|0|1,6,-7.65
2|2|0|1,4,-7.65
2|2|0|1,2,-4.5
2|2|0|1,7,-12.478950000000001
2|2|0|1,5,-7.65
2|2|0|1,3,-11.3985
2|2|0|1,1,6.569999999999999
1|1|1|5,2,12.754999999999997
1|1|1|5,7,1.429499999999997
1|1|1|5,6,1.429499999999997
1|1|1|5,5,1.429499999999997
1|1|1|5,4,1.429499999999997
1|1|1|5,1,12.754999999999997
1|1|1|5,3,1.429499999999997
2|1|1|4,3,0.2549999999999972
2|1|1|4,7,0.2549999999999971
2|1|1|4,1,11.449999999999998
2|1|1|4,5,0.2549999999999972
2|1|1|4,4,0.2549999999999972
2|1|1|4,2,11.449999999999998
2|1|1|4,6,0.2549999999999972
2|1|1|3,1,11.449998210796204
2|1|1|3,5,0.2524903881843577
2|1|1|3,3,0.2488729995486238
2|1|1|3,7,0.254910002696087
2|1|1|3,6,0.25447709662437484
2|1|1|3,2,11.449999999999998
2|1|1|3,4,0.2549760513919992
1|2|0|5,2,2.5037734985391844
1|2|0|5,6,2.5030143893178334
1|2|0|5,7,2.504852407942488
1|2|0|5,5,2.503647954752672
1|2|0|5,4,2.504716422565291
1|2|0|5,3,2.501140556821987
1|2|0|5,1,13.949999999999998
1|2|0|4,3,0.9391851401508599
1|2|0|4,7,0.6794456242177938
1|2|0|4,4,1.5419181822246162
1|2|0|4,1,13.949999999999998
1|2|0|4,6,-0.4098744022949723
1|2|0|4,2,-3.289728516687179
1|2|0|4,5,1.8077505296219092
1|2|0|3,4,-1.6870326072911905
1|2|0|3,2,-2.9784824900185143
1|2|0|3,5,-2.39535
1|2|0|3,3,-2.5419021702377362
1|2|0|3,6,-1.7751233065281302
1|2|0|3,7,-1.1452536234041506
1|2|0|3,1,13.94809938181477
1|2|0|2,7,-8.66835
1|2|0|2,1,13.016588287729673
1|2|0|2,4,-7.191000000000001
1|2|0|2,2,-7.191000000000001
1|2|0|2,3,-7.191000000000001
1|2|0|2,6,-4.23
1|2|0|2,5,-7.191000000000001
1|2|0|1,3,-7.65
1|2|0|1,1,-7.65
1|2|0|1,5,-4.5
1|2|0|1,2,-7.65
1|2|0|1,7,-4.5
1|2|0|1,6,-4.5
1|2|0|1,4,-9.855
1|1|1|4,1,12.754999999999997
1|1|1|4,6,1.427115611105673
1|1|1|4,3,1.4194323218698135
1|1|1|4,5,1.4057836863215192
1|1|1|4,2,12.743341312556996
1|1|1|4,4,1.3938468284921706
1|1|1|4,7,1.4196137149179586
2|1|1|2,3,-23.242621077992297
2|1|1|2,1,11.449999999999998
2|1|1|2,5,-23.289941826181934
2|1|1|2,2,11.368854253352007
2|1|1|2,7,-21.279219867646027
2|1|1|2,4,-23.284865402621016
2|1|1|2,6,-23.246598227997076
2|1|1|1,5,-14.96510542290192
2|1|1|1,7,-14.975573796031343
2|1|1|1,3,-14.96510542290192
2|1|1|1,1,-14.96510542290192
2|1|1|1,6,-14.975573796031343
2|1|1|1,2,-14.96510542290192
2|1|1|1,4,-14.96510542290192
2|1|1|5,3,0.2549934646838852
2|1|1|5,7,0.2549165720498057
2|1|1|5,5,0.25499058193563806
2|1|1|5,2,11.449999999999998
2|1|1|5,1,11.449998003187087
2|1|1|5,4,0.2549962125641479
2|1|1|5,6,0.2549994767074013
1|3|0|5,4,-2.2724834870318333
1|3|0|5,2,-2.5387759278
1|3|0|5,6,-3.030573268542013
1|3|0|5,5,-3.8780388059427
1|3|0|5,7,-5.6645948205000005
1|3|0|5,3,-1.812247230310605
1|3|0|5,1,9.999999999999998
1|3|0|4,3,-5.9395500000000006
1|3|0|4,5,-4.6326766500000005
1|3|0|4,6,-3.9214350000000007
1|3|0|4,7,-2.5067700000000004
1|3|0|4,4,-3.7485
1|3|0|4,2,-1.6380000000000001
1|3|0|4,1,9.988601104814627
1|3|0|3,3,-3.015
1|3|0|3,7,-6.290685
1|3|0|3,6,-3.82905
1|3|0|3,4,-3.82905
1|3|0|3,1,8.82351
1|3|0|3,2,-3.82905
1|3|0|3,5,-3.6103500000000004
1|3|0|2,3,-3.015
1|3|0|2,7,-4.23
1|3|0|2,6,-4.23
1|3|0|2,5,-4.23
1|3|0|2,4,-2.205
1|3|0|2,2,-2.205
1|3|0|2,1,3.0
1|3|0|1,6,-4.5
1|3|0|1,4,-4.5
1|3|0|1,5,-4.5
1|3|0|1,1,3.0
1|3|0|1,7,-4.5
1|3|0|1,2,-4.5
1|1|1|3,2,12.75499998276023
1|1|1|3,6,-17.628127258004955
1|1|1|3,7,-16.950178779391077
1|1|1|3,3,-15.738639420621855
1|1|1|3,4,-16.51947521501758
1|1|1|3,1,6.7664509178214
1|1|1|3,5,-18.376825397740102
1|2|1|4,7,1.0898806349081234
1|2|1|4,2,10.903791835049866
1|2|1|4,3,0.20189238817568045
1|2|1|4,1,13.949999999999998
1|2|1|4,6,-1.1234758613017541
1|2|1|4,5,1.499117413094159
1|2|1|4,4,1.8578357810279948
1|2|1|3,1,13.942681406101524
1|2|1|3,7,-2.483296028969743
1|2|1|3,2,4.2263955
1|2|1|3,6,-0.721504496607037
1|2|1|3,5,-2.15949840105457
1|2|1|3,4,-0.3952225377566294
1|2|1|3,3,-3.1378302000000007
1|1|1|2,3,-14.98661055
1|1|1|2,7,-13.172535
1|1|1|2,6,-16.159654898910002
1|1|1|2,2,-10.701729492617217
1|1|1|2,5,-15.441479559000001
1|1|1|2,4,-16.280680641300002
1|1|1|2,1,-10.752546828578941
1|1|1|1,4,-13.7646855
1|1|1|1,6,-12.478950000000001
1|1|1|1,7,-14.13527985
1|1|1|1,2,-11.3985
1|1|1|1,5,-9.855
1|1|1|1,1,-13.235265
1|1|1|1,3,-11.3985
1|2|1|2,5,-3.015
1|2|1|2,2,1.5408
1|2|1|2,1,13.48685518747866
1|2|1|2,6,-9.2637
1|2|1|2,3,-7.191000000000001
1|2|1|2,4,-4.23
1|2|1|2,7,-7.191000000000001
1|2|1|1,2,-4.5
1|2|1|1,4,-4.5
1|2|1|1,3,-4.5
1|2|1|1,7,-9.855
1|2|1|1,5,-4.5
1|2|1|1,6,-4.5
1|2|1|1,1,-4.5
2|2|0|5,3,-1.1299928334990614
2|2|0|5,5,-1.1954187037063178
2|2|0|5,2,-1.1552183871461712
2|2|0|5,4,-1.2802755653732616
2|2|0|5,7,-1.1614492490984991
2|2|0|5,1,9.999999999999998
2|2|0|5,6,-1.1150550658753697
3|1|0|5,4,-1.0667484378589875
3|1|0|5,7,-1.0728383261247016
3|1|0|5,2,-1.0584670154983953
3|1|0|5,6,-1.050215956057095
3|1|0|5,3,-1.0504154301325348
3|1|0|5,1,9.999999999999998
3|1|0|5,5,-1.005304153242898
